coverage_sparse,RMSE,crps_norm,coverage90,sigma_u,l_u,tau_u,sigma_S,l_S,tau_S,sigma_tau,l_v,sigma_v,tau_v
0.0,0.04687155875570517,0.026620094869326816,0.8424,0.08772311074427375,20790.377978145585,0.017829834709631166,1.4699654227511088e-07,20842.699950326252,1.0320133594819211e-08,7.980224991532839e-05,20790.377978145585,0.08772311074427375,0.017829834709631166
0.0,0.04687437010884905,0.026622186346044917,0.8424,0.08772560963932075,20794.905061123303,0.01782625391935251,1.470059158875832e-07,20840.264905136595,1.032185804897003e-08,7.982426295660533e-05,20794.905061123303,0.08772560963932075,0.01782625391935251
0.0,0.04687437010884905,0.026622186346044917,0.8424,0.08772560963932075,20794.905061123303,0.01782625391935251,1.470059158875832e-07,20840.264905136595,1.032185804897003e-08,7.982426295660533e-05,20794.905061123303,0.08772560963932075,0.01782625391935251
0.0,0.04687437010884905,0.026622186346044917,0.8424,0.08772560963932075,20794.905061123303,0.01782625391935251,1.470059158875832e-07,20840.264905136595,1.032185804897003e-08,7.982426295660533e-05,20794.905061123303,0.08772560963932075,0.01782625391935251
0.03,0.05127048938659397,0.029006043261496313,0.827,0.0817120612997413,16865.120692556135,0.016413279796124693,1.5410204711890024e-07,21111.717326609767,9.140644414141668e-09,8.154588573873921e-05,16865.120692556135,0.0817120612997413,0.016413279796124693
0.03,0.04890605359181175,0.02767846231209539,0.8392,0.08671898839782746,19539.576546804517,0.017519323039484076,1.4790159090818657e-07,20872.665529054226,8.917082113312702e-09,7.282630743233698e-05,19539.576546804517,0.08671898839782746,0.017519323039484076
0.06,0.05239312778665815,0.02950983023634551,0.8322,0.08540399675715485,18234.612383499312,0.017049954473960946,1.5450110265516412e-07,21750.77713077746,8.414578203424163e-09,6.615629057325286e-05,18234.612383499312,0.08540399675715485,0.017049954473960946
0.06,0.05610954918103852,0.031400962390186034,0.8066,0.07772171419055092,17089.661262608042,0.016245511750334358,1.6998363122184379e-07,21549.63305598456,1.3158518176601253e-08,0.00010586948457321546,17089.661262608042,0.07772171419055092,0.016245511750334358
0.09,0.056627452724412754,0.03126292367157095,0.8204,0.08395521344195751,18183.812599989462,0.01679800285291302,1.6250162628330147e-07,22468.13761331424,9.776610098557286e-09,8.34927381993257e-05,18183.812599989462,0.08395521344195751,0.01679800285291302
0.09,0.06206521475979144,0.03464998162701188,0.7808,0.07369422358052807,14287.00440423974,0.014541320050475945,1.6095991281560422e-07,18009.6135981575,8.705122392781824e-09,6.733112192805341e-05,14287.00440423974,0.07369422358052807,0.014541320050475945
0.12,0.06289876662162949,0.035530956965094306,0.7832,0.07382363543317894,12401.937389266623,0.013096005187215112,1.638616370244242e-07,21659.839809301036,5.057920089342121e-09,3.98768779194222e-05,12401.937389266623,0.07382363543317894,0.013096005187215112
0.12,0.05963578812062826,0.032267182172308534,0.8218,0.084411266925414,17703.137208667264,0.01650324182080236,1.499762038560661e-07,20997.408716324444,7.212559782930587e-09,6.0707541456346834e-05,17703.137208667264,0.084411266925414,0.01650324182080236
0.15,0.06368613068821531,0.036044666554161144,0.7734,0.07135436011067028,13721.687120934435,0.015145569039277603,1.7001428405999466e-07,19233.072355163946,9.555085450808116e-09,7.864090301373224e-05,13721.687120934435,0.07135436011067028,0.015145569039277603
0.15,0.06284096185638652,0.03380083664849879,0.8218,0.08392779443633051,16963.37104431439,0.01584132734279861,1.529162976317292e-07,21187.999105460713,8.871608290048082e-09,6.631814485682574e-05,16963.37104431439,0.08392779443633051,0.01584132734279861
0.18,0.06587787015560498,0.036894604691882035,0.79,0.0730855038262409,12318.260398713446,0.012230122201133429,1.5250583264007667e-07,16959.679791580973,2.9269097797106287e-09,2.198187176476681e-05,12318.260398713446,0.0730855038262409,0.012230122201133429
0.18,0.06146039388548593,0.03332546574087212,0.8322,0.08303665132132831,16673.044915187416,0.015680595797259625,1.559267276417564e-07,21481.798756652657,9.48295885079697e-09,6.267978421611513e-05,16673.044915187416,0.08303665132132831,0.015680595797259625
0.21,0.06979176401832832,0.03976422971672489,0.7396,0.069977271989835,13028.868712798918,0.012751015947532782,1.7288867951226047e-07,20158.601151505743,1.0328046866965269e-10,1.2843235107642434e-06,13028.868712798918,0.069977271989835,0.012751015947532782
0.21,0.06207721438450857,0.03337911918209929,0.845,0.08312712666382512,16302.02056933049,0.015358954610962032,1.5169313066346222e-07,20842.89729899369,8.971755656964675e-09,6.714736022082263e-05,16302.02056933049,0.08312712666382512,0.015358954610962032
0.24,0.07464784714179967,0.041727529825656966,0.7618,0.07156337143231578,11892.208920562854,0.011932645779669288,1.9595362704841297e-07,21587.101853536707,7.688974117924707e-11,3.395588428415221e-07,11892.208920562854,0.07156337143231578,0.011932645779669288
0.24,0.06229857545955595,0.0334688059430196,0.8516,0.08338678468542542,16542.018185373407,0.015017762774895927,1.5433488063108955e-07,20839.95251733651,9.901390577465177e-09,7.526133933603404e-05,16542.018185373407,0.08338678468542542,0.015017762774895927
0.27,0.06910309218488066,0.038467342302958445,0.8054,0.07295804230749584,11995.628145053468,0.011166885694464775,1.8457255067552935e-07,17964.507740981655,1.9465262921856423e-11,4.3355080999271106e-07,11995.628145053468,0.07295804230749584,0.011166885694464775
0.27,0.06532841240962164,0.034934143022485604,0.8514,0.08266395473588481,15975.268997838628,0.014818495956895767,1.505521058539867e-07,20571.409658948458,9.127126208305818e-09,6.992058091483048e-05,15975.268997838628,0.08266395473588481,0.014818495956895767
0.3,0.06763948489358108,0.038215129445753865,0.7726,0.07269031026414227,15341.415731898118,0.012076296006164713,1.7983493083957726e-07,23296.0647621871,2.4355513562947252e-08,0.00021736623359718132,15341.415731898118,0.07269031026414227,0.012076296006164713
0.3,0.07034935360590223,0.03753468122688359,0.8434,0.0826025389843505,15276.687444318137,0.014118491209160113,1.5516283906700687e-07,19506.357625498844,9.126674843707234e-09,6.579698779187593e-05,15276.687444318137,0.0826025389843505,0.014118491209160113
0.36,0.07368937213721886,0.04110988569522401,0.8118,0.07444745912557406,11379.294773985686,0.010382497894494195,1.8681839886925146e-07,20126.681307781677,9.348620102990208e-11,5.297561880289183e-07,11379.294773985686,0.07444745912557406,0.010382497894494195
0.36,0.07498975060266708,0.03974762774190282,0.8298,0.08018525937494421,14113.7681210136,0.013690915379301576,1.5368849038293025e-07,20996.776705709213,8.116595925206467e-09,5.416898472982779e-05,14113.7681210136,0.08018525937494421,0.013690915379301576
0.39,0.07293029441559769,0.04065439159877058,0.804,0.07328199078271198,11870.798213885882,0.01090444826205702,1.7718599717035508e-07,20553.668649522147,1.8383913909434632e-10,1.887577236899256e-06,11870.798213885882,0.07328199078271198,0.01090444826205702
0.39,0.07500003626589709,0.039853061899203485,0.8336,0.08009171622308915,13860.92960854519,0.013671197979921317,1.5038618060614885e-07,21330.064694918812,6.238139983926893e-09,4.277320744923235e-05,13860.92960854519,0.08009171622308915,0.013671197979921317
0.42,0.0748658377052305,0.04195491156634331,0.8002,0.07849880534740827,13737.854333791707,0.010614319816057307,1.6750309818466028e-07,19249.988408181078,4.356442200750011e-09,1.740665985656669e-05,13737.854333791707,0.07849880534740827,0.010614319816057307
0.42,0.07767714106099914,0.041586001390606336,0.824,0.07979797802876419,13794.338013274744,0.013620013598257364,1.5354738874540792e-07,20743.764069884215,7.805712845164477e-09,5.2197083651100995e-05,13794.338013274744,0.07979797802876419,0.013620013598257364
0.48,0.07803591804744153,0.04192544075330487,0.8376,0.08124641945386281,12662.705168290317,0.012432737710300588,1.5982740766629773e-07,21968.332851541294,5.915244338341757e-09,3.4856663286128055e-05,12662.705168290317,0.08124641945386281,0.012432737710300588
0.48,0.06858149430112775,0.03837013373665817,0.8018,0.07274688180470378,17236.919968693517,0.010930589890097247,1.5245868427229515e-07,15040.846190520428,2.287853967779425e-08,0.00016494078330425517,17236.919968693517,0.07274688180470378,0.010930589890097247
0.51,0.07809985017530299,0.042064806468607274,0.8468,0.08291593225445072,12752.257295897258,0.012372849292014173,1.571791041103463e-07,21339.734961521808,8.393342343626828e-09,5.009001842870763e-05,12752.257295897258,0.08291593225445072,0.012372849292014173
0.51,0.06949086928903091,0.038434596819295015,0.8336,0.08458166517483022,24708.61144194059,0.010640299599549033,1.6889618041624326e-07,19343.676835939914,6.200345409674004e-08,0.00022983993579075122,24708.61144194059,0.08458166517483022,0.010640299599549033
0.54,0.07468771189733493,0.04223142610279774,0.8406,0.07889789039082186,13115.018649426871,0.010531365361967781,1.515307587121034e-07,18715.1823510253,2.7976629338310586e-10,2.2613266045516323e-07,13115.018649426871,0.07889789039082186,0.010531365361967781
0.54,0.08003474401886451,0.043333673440557254,0.838,0.08248102369558376,12345.576370235656,0.012046469003319476,1.5618288261580903e-07,22235.798299449547,7.650317838390588e-09,5.224443638999683e-05,12345.576370235656,0.08248102369558376,0.012046469003319476
0.57,0.07447105029479491,0.04061884027211026,0.871,0.08820300299505285,18874.163592664674,0.010253848518349238,1.3421895114088178e-07,18910.683903054705,5.1116548576462905e-08,0.00014836199168273198,18874.163592664674,0.08820300299505285,0.010253848518349238
0.57,0.08092924760059378,0.04404750854355776,0.8414,0.08271017307547303,12019.635819693176,0.011788055227313486,1.5810047475309235e-07,22195.348413347972,6.138776106727632e-09,3.761093389336643e-05,12019.635819693176,0.08271017307547303,0.011788055227313486
0.6,0.07096212261422764,0.03979030947737472,0.9016,0.09041340806597854,17488.72251814348,0.010379191979946597,1.215643084589717e-07,26579.459690599157,8.16474274353755e-08,0.00024259865873014428,17488.72251814348,0.09041340806597854,0.010379191979946597
0.6,0.08151632623660916,0.04434170618191831,0.8428,0.08154690949868179,11978.641009990217,0.011779817597473001,1.671695503649777e-07,23034.076361629875,7.72712494418337e-09,3.339231612732721e-05,11978.641009990217,0.08154690949868179,0.011779817597473001
0.63,0.08229297870981057,0.044723572512191674,0.8478,0.0816453172301712,11722.09847410692,0.011657427222394452,1.6304886319990115e-07,21308.28453676273,6.781181886449096e-09,3.7369219605178274e-05,11722.09847410692,0.0816453172301712,0.011657427222394452
0.63,0.07703498631034887,0.04327786712153955,0.8898,0.09709049209196326,18978.680259759436,0.010260216796706585,1.8903911759641642e-07,19294.971900259086,7.297400870024146e-11,9.688206030672206e-07,18978.680259759436,0.09709049209196326,0.010260216796706585
0.69,0.08378364448669119,0.04598138875258534,0.853,0.08147404885130936,11386.214089000776,0.011163418378242728,1.4698575608066997e-07,17587.39847729577,1.7441144120348198e-10,6.598893921205838e-07,11386.214089000776,0.08147404885130936,0.011163418378242728
0.69,0.08906327329331903,0.04923863703875524,0.8442,0.08724624242263507,21323.809127131808,0.01014094641463297,1.4492977639344632e-07,39671.29029875023,5.7815023844624835e-08,3.7510245857026052e-06,21323.809127131808,0.08724624242263507,0.01014094641463297
0.72,0.07699881077518289,0.04317933349184859,0.8356,0.07986999130822231,28489.247133234523,0.010004301957312096,5.296688046414478e-08,24164.289559697732,1.2337362641879686e-07,9.316637725868901e-07,28489.247133234523,0.07986999130822231,0.010004301957312096
0.72,0.08490708610499492,0.046604633048598416,0.8532,0.08114972377768084,11410.042067676068,0.010993869890051163,1.4555688923522661e-07,17351.148559265002,1.1211603019020701e-10,3.9040491436131285e-07,11410.042067676068,0.08114972377768084,0.010993869890051163
0.75,0.084224607136022,0.04747559147105962,0.8832,0.08688575247818267,25021.125889546,0.010080753939405671,1.5204869419340048e-07,24714.173558670234,7.942901957136244e-08,2.05306857719427e-07,25021.125889546,0.08688575247818267,0.010080753939405671
0.75,0.08482862170537271,0.04674233535780446,0.8698,0.08510376540741249,12072.996615663664,0.010699526528278328,1.585234583965262e-07,19906.938670628937,2.9465072555167685e-11,3.851937977701726e-07,12072.996615663664,0.08510376540741249,0.010699526528278328
3600.0,0.04891924034979652,0.02771237533480646,0.817,0.08158201113356757,20157.835584321332,0.018806870225279843,1.458654691432989e-07,23264.07472712834,6.449734133010401e-09,5.0157031362985466e-05,20157.835584321332,0.08158201113356757,0.018806870225279843
7200.0,0.051417516651171905,0.029062131064436524,0.7982,0.07653742177238987,16907.836699546304,0.018161163486437617,1.4706193412926718e-07,29611.449588061627,1.0213670068190236e-08,8.364550288484123e-05,16907.836699546304,0.07653742177238987,0.018161163486437617
10800.0,0.05574877022506735,0.031491546004116334,0.7962,0.07639462528651998,14336.942593741718,0.016739675294974006,1.6678790294150223e-07,27983.954837550737,7.537995063798185e-09,5.9423949377465975e-05,14336.942593741718,0.07639462528651998,0.016739675294974006
14400.0,0.057111780901259755,0.03235152008112245,0.8012,0.080333792548168,14174.016133342893,0.015318257007567102,1.8362933707649418e-07,26032.698019899555,3.4637743051920436e-09,3.331226473400911e-05,14174.016133342893,0.080333792548168,0.015318257007567102
18000.0,0.05609936908374625,0.03177112432181366,0.8228,0.08560827133598237,14410.915858110156,0.013682869674778447,1.818607520453485e-07,24714.403815723126,2.437784079287209e-09,1.6878553311279356e-05,14410.915858110156,0.08560827133598237,0.013682869674778447
21600.0,0.05515359499346717,0.031014374372296077,0.833,0.08758716319291097,14479.251213767482,0.013436384463620794,1.7045409419146314e-07,24815.823890900712,6.534051370643083e-10,4.453176812123399e-06,14479.251213767482,0.08758716319291097,0.013436384463620794
25200.0,0.05780046721800664,0.03210011416321754,0.8268,0.08725431545071324,13945.959151173867,0.01368458445804331,1.6182103489546e-07,23613.662422631965,8.712627649013381e-11,2.9647147959078153e-06,13945.959151173867,0.08725431545071324,0.01368458445804331
28800.0,0.05955690972563764,0.03269675460724244,0.823,0.08609806317940427,13506.493489957695,0.013610953716142809,1.5061271631325306e-07,21337.086038783353,6.903096714435151e-09,5.961557563880952e-05,13506.493489957695,0.08609806317940427,0.013610953716142809
32400.0,0.058015916513513455,0.03181525017839095,0.8254,0.084135051412911,13896.770299145563,0.013946593069316792,1.4268591077398787e-07,22233.342513964388,1.0355992273329038e-08,0.00010757127586064627,13896.770299145563,0.084135051412911,0.013946593069316792
36000.0,0.05438162576563594,0.029722692812067943,0.8418,0.08815636531903875,16414.508470486388,0.015578491831448672,1.4127774800055225e-07,22299.040146857664,1.3077520305633319e-08,0.00011901454027381554,16414.508470486388,0.08815636531903875,0.015578491831448672
39600.0,0.04962467285558033,0.027378166471148154,0.8456,0.09495095314572127,21180.15908479874,0.018370920245255926,1.4035048092556913e-07,21631.138142648782,1.4153787103607499e-08,0.00011553870163369283,21180.15908479874,0.09495095314572127,0.018370920245255926
43200.0,0.047350387189971976,0.026450632270197776,0.8396,0.09702392723556237,24871.39739364398,0.020177398930579633,1.4143171303662365e-07,21051.173245859878,1.0974710643986587e-08,9.857378409097146e-05,24871.39739364398,0.09702392723556237,0.020177398930579633
46800.0,0.045793011342665106,0.025730900570640557,0.835,0.09548023245261777,25157.587149915587,0.019397796064804112,2.3395777606836338e-07,39384.31749993594,1.514870059552625e-08,0.0001243292548366346,25157.587149915587,0.09548023245261777,0.019397796064804112
50400.0,0.04205886826564735,0.023302008105640214,0.847,0.0954638171610642,27621.951788109043,0.020096248466720104,3.390388110445846e-07,59765.94471746972,1.553662213904021e-08,0.00012780989164311126,27621.951788109043,0.0954638171610642,0.020096248466720104
54000.0,0.03997846729077434,0.021850751572445638,0.8582,0.09343925484136582,30014.21889279715,0.02180770608364487,3.887990921317021e-07,71118.90419388209,1.2197925918788412e-08,0.00010326490725386167,30014.21889279715,0.09343925484136582,0.02180770608364487
57600.0,0.03978252986395266,0.02181857089476225,0.8408,0.09381138756181578,30349.116959743642,0.020026727659900906,4.1213896125741434e-07,77737.9474248416,1.3183014457537526e-08,0.0001065028368922102,30349.116959743642,0.09381138756181578,0.020026727659900906
61200.0,0.0416452097664092,0.02293401007292527,0.8428,0.09480075656717737,26800.333099861346,0.019159974360326952,4.2675608814936234e-07,72122.47027895684,1.272749114799495e-08,9.960790722454487e-05,26800.333099861346,0.09480075656717737,0.019159974360326952
64800.0,0.04596783338304,0.025312738478787362,0.8426,0.09418573710638993,23138.446134443864,0.01970876623196235,4.1115785530332614e-07,59721.26243202219,9.721175354882664e-09,6.646253282801213e-05,23138.446134443864,0.09418573710638993,0.01970876623196235
68400.0,0.04845740668602709,0.026724827855249617,0.837,0.09133599949776952,22143.364021292586,0.02047160912725569,3.6851079857580844e-07,52728.2504800434,9.203136431724825e-09,8.648993254229946e-05,22143.364021292586,0.09133599949776952,0.02047160912725569
72000.0,0.05073503675934142,0.028037653329039836,0.8412,0.09114946873767447,23472.932335173067,0.02115494348236356,3.2037405215598645e-07,41685.808220426574,1.1436840026627996e-08,0.00011581997803871463,23472.932335173067,0.09114946873767447,0.02115494348236356
75600.0,0.05269338820356811,0.02928875698469219,0.8388,0.08848932782456485,21166.366536339625,0.020429078956215273,2.7721167556074764e-07,35207.38970105807,1.0780636822968131e-08,0.00010926289676413598,21166.366536339625,0.08848932782456485,0.020429078956215273
79200.0,0.050276841443528786,0.028015725430806264,0.8282,0.08925401431889693,23359.976485056915,0.019541394622263324,2.167207232184434e-07,31450.37489837673,1.3377892336321121e-08,0.0001246307671115796,23359.976485056915,0.08925401431889693,0.019541394622263324
82800.0,0.04758498886587028,0.026634068161304158,0.828,0.09475727873757944,26342.99922773749,0.018020296660351563,1.8287420649386672e-07,28611.95829624533,1.659562182338698e-08,0.00012993364804127647,26342.99922773749,0.09475727873757944,0.018020296660351563
86400.0,0.04922181276917175,0.027914450237531765,0.8354,0.0999074982692139,24956.892473306834,0.015681025096414124,2.0359829751823213e-07,25323.021786953443,1.778387007832267e-08,0.00013681448381120483,24956.892473306834,0.0999074982692139,0.015681025096414124
86400.0,0.04922181276917175,0.027914450237531765,0.8354,0.0999074982692139,24956.892473306834,0.015681025096414124,2.0359829751823213e-07,25323.021786953443,1.778387007832267e-08,0.00013681448381120483,24956.892473306834,0.0999074982692139,0.015681025096414124
90000.0,0.05022172693771501,0.028196723516349654,0.849,0.10041469353743285,24033.583522836092,0.014475826550743798,1.883296584799559e-07,21595.83273873449,1.9807696283886454e-08,0.00015730476579948625,24033.583522836092,0.10041469353743285,0.014475826550743798
93600.0,0.04844154113642115,0.026758628422007588,0.8574,0.09263396613513698,21473.84101894289,0.016823426793121845,1.462007740747226e-07,21884.81254841999,1.7321427256626416e-08,0.00012993953137288594,21473.84101894289,0.09263396613513698,0.016823426793121845
97200.0,0.04802928808074258,0.026556301521410502,0.8568,0.08578322119275113,16882.38172013713,0.01772046529716731,1.3767445063013773e-07,22667.819538285024,8.031450781467171e-09,7.642138261964522e-05,16882.38172013713,0.08578322119275113,0.01772046529716731
100800.0,0.047297102522033556,0.02646292388463594,0.8488,0.08785882406305642,19921.14536189956,0.020246257970580956,1.5015823015046913e-07,22768.61682235866,4.7081375931132084e-09,4.739134759109257e-05,19921.14536189956,0.08785882406305642,0.020246257970580956
104400.0,0.04945063320587968,0.027618834750384413,0.8542,0.09165769576979428,19124.341954799747,0.01814718318456121,1.7230964576250122e-07,21865.945606580393,3.197484767732923e-10,4.6118906917414885e-06,19124.341954799747,0.09165769576979428,0.01814718318456121
108000.0,0.05025050045974842,0.027985440770013997,0.8634,0.09181487892811056,17002.895435547438,0.015217772175292422,1.7465164653525233e-07,21187.202971967763,1.248053460373667e-10,2.4618479671617277e-06,17002.895435547438,0.09181487892811056,0.015217772175292422
111600.0,0.050712303992849955,0.02820158764526854,0.854,0.09130914997366298,17725.848694944725,0.015611220374775876,1.5585918922438055e-07,20004.56210370529,1.5108857611259755e-09,1.0808949323880859e-05,17725.848694944725,0.09130914997366298,0.015611220374775876
115200.0,0.052383782734065645,0.02891867615164274,0.8454,0.09059463365229661,17640.960889870177,0.016172613640798524,1.5247962571188587e-07,20932.00804512756,6.24722557261724e-09,4.9912911637841327e-05,17640.960889870177,0.09059463365229661,0.016172613640798524
118800.0,0.05374240145541035,0.029422772008570547,0.8424,0.08687079844143035,16070.847328606815,0.015260902463397032,1.583163922076863e-07,24065.94209041098,9.787102375902348e-09,8.120802729424335e-05,16070.847328606815,0.08687079844143035,0.015260902463397032
122400.0,0.05354041336384138,0.02922690329703505,0.8396,0.08554835966678868,16189.642472387508,0.015656684004861175,1.5310840915971497e-07,23307.417277501867,9.702648821697394e-09,9.149390800330029e-05,16189.642472387508,0.08554835966678868,0.015656684004861175
126000.0,0.049176799978203733,0.027132717358288892,0.8452,0.08535066710147264,18020.832873639283,0.016694508934428393,1.3798544484401377e-07,20210.001186663474,1.2354285108507739e-08,0.0001121271408652079,18020.832873639283,0.08535066710147264,0.016694508934428393
129600.0,0.04794917298340182,0.02690432795808698,0.8386,0.0847736084444648,17096.71131753028,0.016081273685303335,1.1422439917651821e-07,17168.82966827597,1.1794796448103064e-08,9.962189347825255e-05,17096.71131753028,0.0847736084444648,0.016081273685303335
133200.0,0.04709485993091896,0.026360379158108765,0.8394,0.08325962878530418,17736.743336024287,0.01790184847244488,1.0058965267415893e-07,18639.037405213374,1.1508053127281919e-08,9.729983268288039e-05,17736.743336024287,0.08325962878530418,0.01790184847244488
136800.0,0.04462597665556129,0.0245048198907715,0.831,0.08294284151023001,21644.401189176668,0.02116343218732189,9.583445341110356e-08,22160.78711327565,1.0191200473985014e-08,5.1252505919933954e-05,21644.401189176668,0.08294284151023001,0.02116343218732189
140400.0,0.043540732237518136,0.02387516245327647,0.8444,0.08145541886376846,20430.65310700383,0.022108908243994665,1.0993465486289418e-07,24373.06477202559,1.419286832536587e-10,1.4369748442002155e-06,20430.65310700383,0.08145541886376846,0.022108908243994665
144000.0,0.04091997017133984,0.02274092118744163,0.845,0.08374903717702704,24645.198366205863,0.023442600686829785,1.366393042915275e-07,28312.39471559315,5.1510320317671815e-11,5.485611261623403e-07,24645.198366205863,0.08374903717702704,0.023442600686829785
147600.0,0.04026037951991175,0.022585770193535585,0.8534,0.08565322716563285,25394.871411706732,0.021605998734081894,1.655617957552742e-07,30238.49054867175,6.484105181283292e-09,4.7536246555028225e-05,25394.871411706732,0.08565322716563285,0.021605998734081894
151200.0,0.04477192282859109,0.024750378811154435,0.8536,0.08582497346319941,19343.805205039836,0.01857169619013095,1.886332769180052e-07,31672.309736374093,4.850639026437004e-09,4.439041947807971e-05,19343.805205039836,0.08582497346319941,0.01857169619013095
154800.0,0.04928464659280947,0.027050313203117526,0.837,0.08511006651260772,17459.31218848592,0.017480189269482516,2.0142965253553786e-07,30783.29134125672,1.922751159169263e-09,1.7903407821392797e-05,17459.31218848592,0.08511006651260772,0.017480189269482516
158400.0,0.049625677553187766,0.027292825589459987,0.8294,0.08511175577977999,20060.33672952858,0.019925173384603465,1.969132559816952e-07,30225.211223383736,1.5121785452301446e-11,2.8461351359812595e-07,20060.33672952858,0.08511175577977999,0.019925173384603465
162000.0,0.048304772212136575,0.026607693303945825,0.8222,0.08352940924657587,21372.984417669195,0.021141188403734763,1.9834517069882256e-07,31952.24921475751,1.7489799302448593e-10,8.191153925188069e-07,21372.984417669195,0.08352940924657587,0.021141188403734763
165600.0,0.048571360360368264,0.026970467596780543,0.8272,0.08319307022300171,19619.022782425036,0.019322035376601033,2.1675934391769883e-07,33404.04361879944,7.623407134225179e-09,5.737791593845275e-05,19619.022782425036,0.08319307022300171,0.019322035376601033
169200.0,0.04828870022252135,0.027122217596804343,0.8412,0.08752578404584319,19199.87366662252,0.017179867248820445,2.3116630828888633e-07,33820.49431274196,1.2055495711951865e-08,0.00010630586143052539,19199.87366662252,0.08752578404584319,0.017179867248820445
172800.0,0.05250110327853596,0.02977631508210631,0.8486,0.09118747440214973,17346.632502361354,0.015403195898243372,2.163182180826359e-07,26577.704836784036,1.4098854507362287e-08,0.00010900391154566573,17346.632502361354,0.09118747440214973,0.015403195898243372
172800.0,0.05250110327853596,0.02977631508210631,0.8486,0.09118747440214973,17346.632502361354,0.015403195898243372,2.163182180826359e-07,26577.704836784036,1.4098854507362287e-08,0.00010900391154566573,17346.632502361354,0.09118747440214973,0.015403195898243372
259200.0,0.04864094959789321,0.02768424011535848,0.8498,0.09373546614509608,19210.70103448838,0.01525918583258542,2.1066979891927514e-07,26721.259114400305,1.054844181967765e-08,9.131379132604732e-05,19210.70103448838,0.09373546614509608,0.01525918583258542
345600.0,0.053067220618167245,0.029904758480242356,0.8448,0.0817374469346745,14989.32111106791,0.013169908943570192,1.9635794972414542e-07,21329.782140665357,7.396929963534998e-09,5.659088955735237e-05,14989.32111106791,0.0817374469346745,0.013169908943570192
432000.0,0.044831378772492575,0.025235474961781232,0.799,0.07393144026653722,18219.819433914872,0.016784449397096713,8.838946548460496e-08,15946.583965798058,5.78499362940292e-09,5.011443886287798e-05,18219.819433914872,0.07393144026653722,0.016784449397096713
518400.0,0.04227716338105373,0.023813750275206064,0.8124,0.06863269925679315,18884.91906272887,0.017039882893422075,1.1415704540150034e-07,17568.762638459222,2.0772996553005e-09,1.6378159757468666e-05,18884.91906272887,0.06863269925679315,0.017039882893422075
604800.0,0.04435754314890837,0.025125093395803676,0.774,0.05933708237527052,14584.856396680312,0.013809631905404378,1.1247450126539918e-07,20263.410667444627,3.0367522381395677e-09,3.25346253143331e-05,14584.856396680312,0.05933708237527052,0.013809631905404378
691200.0,0.041917834604807525,0.02355224069947789,0.7766,0.05907177603101793,18192.96122281461,0.016758522302796924,8.462496627610288e-08,18045.50002447853,5.762839768957423e-09,6.149341719067039e-05,18192.96122281461,0.05907177603101793,0.016758522302796924
777600.0,0.04857043081419814,0.02715223992388371,0.806,0.05832177946024139,12603.568926301423,0.01474298861502106,1.6287730206816272e-07,21009.573858396074,6.629574189470817e-09,9.068692913108872e-05,12603.568926301423,0.05832177946024139,0.01474298861502106
864000.0,0.051804743133984435,0.029842275113497147,0.7548,0.06835393074535337,13830.092406471671,0.014365276715253644,1.3629125314176598e-07,29229.102896306762,9.365890124413123e-09,8.686300104628064e-05,13830.092406471671,0.06835393074535337,0.014365276715253644
950400.0,0.046074843994319846,0.025736423785173577,0.864,0.07934796939845157,15296.653486141991,0.014368765359583528,2.2183033790339928e-07,29596.70758749236,1.0823384181400868e-08,0.0001043118974889309,15296.653486141991,0.07934796939845157,0.014368765359583528
1036800.0,0.04979693007968091,0.02744374344643601,0.8528,0.08515502425618356,18152.509367693103,0.017918093255284602,3.124398097033924e-07,30176.513153207186,1.606132640878331e-10,7.36934459994307e-07,18152.509367693103,0.08515502425618356,0.017918093255284602
1123200.0,0.05136101762989054,0.028875670770743194,0.8482,0.09330933023118008,17549.0890202356,0.015673778566407767,2.2058081013686955e-07,23517.33985275796,2.5219897576885704e-10,1.2037025135228272e-06,17549.0890202356,0.09330933023118008,0.015673778566407767
1209600.0,0.052157412330042105,0.028999474509423907,0.8356,0.09288621063667327,18014.693061523856,0.015538177063165081,1.5572694120932508e-07,19711.008096730282,4.188035114640819e-09,2.3853427247853253e-05,18014.693061523856,0.09288621063667327,0.015538177063165081
1296000.0,0.05047583755039636,0.028462077760791647,0.8438,0.1005428194897409,20170.96737086733,0.016321725341137135,1.8847242225468395e-07,20133.749666399584,4.872217287498165e-09,3.0344059559036203e-05,20170.96737086733,0.1005428194897409,0.016321725341137135
1382400.0,0.04599748045973484,0.026095087311896532,0.8448,0.09756468287010017,21523.31293153068,0.01688810831873558,1.6455518236698158e-07,18459.03433023393,1.8590928985337452e-09,1.1498765263753827e-05,21523.31293153068,0.09756468287010017,0.01688810831873558
1468800.0,0.05120878518485243,0.028526688722531578,0.833,0.08796559230867211,15320.396729842234,0.01533457715771752,2.1046869857975757e-07,29432.752623675708,8.798099386063412e-09,6.141117926836159e-05,15320.396729842234,0.08796559230867211,0.01533457715771752
1555200.0,0.04997577302803113,0.02790269459560725,0.857,0.08471468773252001,16718.05352866042,0.014864943604275968,1.6756613845610911e-07,17499.63935298503,8.225407311093149e-09,8.480302656625769e-05,16718.05352866042,0.08471468773252001,0.014864943604275968
1641600.0,0.04178814424230483,0.023634294798581312,0.8236,0.0782477674807648,21686.86482874405,0.014631416089553756,1.3563345823111252e-07,20273.878874874474,1.5686580026300037e-08,0.00012345636503992058,21686.86482874405,0.0782477674807648,0.014631416089553756
1728000.0,0.039935718605393626,0.02257416692884132,0.777,0.06370336496263115,20655.481705443897,0.015968422452201172,1.0545363692264211e-07,22901.296592407092,1.044162687807415e-08,8.9588782539043e-05,20655.481705443897,0.06370336496263115,0.015968422452201172
1814400.0,0.036630498242446866,0.020893628336769565,0.8378,0.06704036152343627,19640.52018268032,0.014471089628275162,1.7797710541650179e-07,30787.78317352251,1.530663379219628e-08,0.00012557158291391112,19640.52018268032,0.06704036152343627,0.014471089628275162
1900800.0,0.035490376259414994,0.020042698975826584,0.848,0.05703869040090902,22042.279532993278,0.014076322770675446,1.561040110109546e-07,15694.6365389549,4.2100773877733995e-09,3.559630494237053e-05,22042.279532993278,0.05703869040090902,0.014076322770675446
1987200.0,0.03686340605478081,0.02028070976611123,0.8406,0.06149556297283542,20948.30441375265,0.013190223197255891,2.280825997317699e-07,31211.16913842662,1.2865426815001066e-08,0.00010561738094310757,20948.30441375265,0.06149556297283542,0.013190223197255891
2073600.0,0.03665223271467076,0.02049363688746118,0.8602,0.05575217438912894,18797.57415010257,0.013305808313401888,1.9308478462306023e-07,19643.073914181536,9.448614942678447e-09,9.056302456131585e-05,18797.57415010257,0.05575217438912894,0.013305808313401888
2160000.0,0.03337414345822864,0.01852517613674476,0.8262,0.06668359306028038,25303.42023727883,0.013787836612963464,1.6407371148445364e-07,35605.00420641263,1.6841100504889202e-08,0.00014065850254651704,25303.42023727883,0.06668359306028038,0.013787836612963464
2246400.0,0.03212574908090628,0.017933630383077676,0.8368,0.07650737729593281,30634.68348998136,0.01613822871015888,2.174012636185185e-07,51039.72567016405,1.8481935203432454e-08,0.0001549346988735559,30634.68348998136,0.07650737729593281,0.01613822871015888
2332800.0,0.03602858569425777,0.020347246440053323,0.8186,0.08299545259294736,29434.159395990235,0.016098056926452685,1.342097462369064e-07,26820.271176450442,1.9064473018435232e-08,0.0001320043347725781,29434.159395990235,0.08299545259294736,0.016098056926452685
2419200.0,0.05034376177406227,0.029385300163436382,0.7238,0.09330343845863934,30316.235271438713,0.01677462527607109,1.5593392946623915e-07,21723.801099644897,2.9298746768731433e-08,8.912674795033372e-05,30316.235271438713,0.09330343845863934,0.01677462527607109
2505600.0,0.048755969598649716,0.02782113994126247,0.819,0.09837047858442045,22821.39061829553,0.01553987900717187,1.6951583932452515e-07,21785.781757900546,8.461014012438356e-09,7.296417802794785e-05,22821.39061829553,0.09837047858442045,0.01553987900717187
2592000.0,0.04544468492358513,0.025830490952233953,0.812,0.09361974754749,23538.113024011935,0.01623217764537374,1.3894949443236426e-07,19512.83592641438,6.580826245609434e-09,2.061873616000574e-05,23538.113024011935,0.09361974754749,0.01623217764537374
2678400.0,0.043448328751376386,0.02397900718180039,0.8428,0.08952336773718814,21842.39525092731,0.018942187085918247,1.3572140360852076e-07,27261.314167486024,9.221094360766902e-09,6.308139332234534e-05,21842.39525092731,0.08952336773718814,0.018942187085918247
2764800.0,0.04549408021291832,0.02539622792501679,0.8456,0.08838548450814966,19112.888057513228,0.016344694943795247,1.2389375467818333e-07,19202.908691534667,1.616903251459698e-10,1.2167405448680504e-06,19112.888057513228,0.08838548450814966,0.016344694943795247
2851200.0,0.045857837491302726,0.025590251737428106,0.8548,0.09474496620643888,22267.82420643569,0.017054105095580967,1.643596410078075e-07,18808.376832149872,6.694641321609009e-09,3.3090094956423275e-05,22267.82420643569,0.09474496620643888,0.017054105095580967
2937600.0,0.03982530938920173,0.022292663701551817,0.834,0.0853305037989428,21012.68208713543,0.015925729527063916,1.0822746868535715e-07,21224.14743481974,9.78001560377227e-09,6.704896276662939e-05,21012.68208713543,0.0853305037989428,0.015925729527063916
3024000.0,0.041389956434616765,0.02335148958278156,0.8104,0.07586039008502403,19606.61239896589,0.01756338792849417,1.7732352825297564e-07,38778.03852729075,8.811342294455041e-09,6.893681281373246e-05,19606.61239896589,0.07586039008502403,0.01756338792849417
3110400.0,0.03768730981318658,0.021285993628116225,0.8056,0.0680851506598543,20133.716977080017,0.01655932294656572,9.90925161363487e-08,24798.20504558457,6.293516719004732e-09,5.5146737889291854e-05,20133.716977080017,0.0680851506598543,0.01655932294656572
3196800.0,0.03796105855094812,0.02104085796217063,0.7888,0.056080009618769806,19747.892421267323,0.01806152691243902,8.772406715473188e-08,21796.80261976988,3.749299887146774e-09,3.0408179195198388e-05,19747.892421267323,0.056080009618769806,0.01806152691243902
3283200.0,0.034056147872168686,0.01859321532169119,0.8292,0.06691376670068824,26979.654619239333,0.01824759050639317,1.1704311246339286e-07,32323.799752820178,1.129101372638129e-08,9.68843010589161e-05,26979.654619239333,0.06691376670068824,0.01824759050639317
3369600.0,0.03881308995502106,0.02181402577836433,0.7668,0.06666639926152497,26356.680877270053,0.018742077498899057,1.0807995491563263e-07,24220.611912469216,8.198053882470308e-09,5.868908543889458e-05,26356.680877270053,0.06666639926152497,0.018742077498899057
3456000.0,0.04311454300087325,0.024186514999542146,0.8214,0.07609707134488536,18437.489508874783,0.018527432208136848,1.4140094432428851e-07,25857.193368193428,8.296965428209974e-09,7.087827870183003e-05,18437.489508874783,0.07609707134488536,0.018527432208136848
3542400.0,0.04305285992733594,0.02439177362165653,0.8054,0.08421725483591336,23399.937272965148,0.0194129161211658,1.2548643230788766e-07,21686.941613558087,7.953460727675326e-09,7.70106507627489e-05,23399.937272965148,0.08421725483591336,0.0194129161211658
3628800.0,0.052592456531071814,0.030204977045323517,0.7466,0.08507835550539566,18208.431946434484,0.016341686253888568,1.0144432108824199e-07,17311.07463408235,8.148048559431466e-09,5.7253789921246085e-05,18208.431946434484,0.08507835550539566,0.016341686253888568
3715200.0,0.04568661129998537,0.025449012039733543,0.7932,0.09270858828833256,23504.95720161217,0.018601589375044466,1.2406793439395438e-07,26752.534853490473,2.4062108867124047e-10,9.787562504971067e-07,23504.95720161217,0.09270858828833256,0.018601589375044466
3801600.0,0.055308284928666386,0.029511148189787877,0.8538,0.09880250058842821,19007.9914163373,0.01434621831355846,2.1740414574069784e-07,20710.837557167713,1.7124331828006805e-08,0.00012608167916236448,19007.9914163373,0.09880250058842821,0.01434621831355846
3888000.0,0.047268144645529225,0.02622098689704542,0.821,0.09028277730443426,19909.347610154316,0.01566446970710582,1.847589418373514e-07,27474.17825540436,1.0356803098533794e-08,5.675085524735822e-05,19909.347610154316,0.09028277730443426,0.01566446970710582
3974400.0,0.045808682374423496,0.025575365662181278,0.8328,0.0899478361264613,19379.581659651907,0.017323853759079442,1.8983233348851034e-07,26456.853663692233,6.093528008689707e-09,3.0984344262864886e-05,19379.581659651907,0.0899478361264613,0.017323853759079442
4060800.0,0.043045103215728554,0.02410381624543736,0.815,0.08996075351781699,22124.255340851487,0.018141663580710336,1.860449631723048e-07,30142.270598237705,1.1423989398249275e-10,5.082135431177302e-07,22124.255340851487,0.08996075351781699,0.018141663580710336
4147200.0,0.04342875208628126,0.024064971967673873,0.8172,0.07791221981926996,19573.469477690727,0.018004866694167322,1.4712530317227986e-07,21305.29563669957,1.0964929897015863e-10,3.6770878104860834e-07,19573.469477690727,0.07791221981926996,0.018004866694167322
4233600.0,0.04202158212207408,0.023180442534065107,0.7936,0.07118712291015128,20434.512422565876,0.017284620359109316,1.7389846449388255e-07,26675.82477055275,8.529355492703399e-11,5.584471235197176e-07,20434.512422565876,0.07118712291015128,0.017284620359109316
4320000.0,0.042570010045950755,0.023809193746119225,0.7996,0.06044595604811253,13085.404281655956,0.014830834958202272,1.710711573824222e-07,36283.475386020036,9.193396750682962e-09,8.059873230494908e-05,13085.404281655956,0.06044595604811253,0.014830834958202272
4406400.0,0.03683949643209972,0.020664082750252215,0.7862,0.05588546821809018,23060.109870463533,0.018515769503799087,1.1119769991100638e-07,19069.979267533596,6.91315918242748e-09,6.254892870300686e-05,23060.109870463533,0.05588546821809018,0.018515769503799087
4492800.0,0.0350031729895255,0.019500204302618458,0.8212,0.050881791835122446,22794.01398072617,0.01973899134199974,1.8169642299886928e-07,25384.11733812891,4.866608339172824e-09,4.586321621440631e-05,22794.01398072617,0.050881791835122446,0.01973899134199974
4579200.0,0.03735468228594801,0.020197723636429417,0.7938,0.060719014064417515,25869.12227806879,0.02281498636764418,2.2286217761033346e-07,57515.16850257085,4.492041837834456e-09,3.527979557553252e-05,25869.12227806879,0.060719014064417515,0.02281498636764418
4665600.0,0.04004305798955835,0.02208461916764012,0.7902,0.06302365810979813,23187.928337491878,0.0225306060288154,1.240675564147512e-07,23458.387935199837,5.370640332959065e-11,3.499437761023139e-07,23187.928337491878,0.06302365810979813,0.0225306060288154
4752000.0,0.04293250679454851,0.022523384040009527,0.8142,0.08840520697196716,33201.81182788095,0.0247941614043525,1.3918112119637858e-07,28477.480357919478,1.0588232919091166e-08,8.799926621087925e-05,33201.81182788095,0.08840520697196716,0.0247941614043525
4838400.0,0.048592025893311026,0.02732121412328167,0.7846,0.06952137252746171,12613.15197706363,0.016602114401139945,1.382469339120248e-07,30150.425843674875,4.0696589838506694e-11,3.6940650903239045e-07,12613.15197706363,0.06952137252746171,0.016602114401139945
4924800.0,0.052392250217910954,0.029658608201551626,0.7896,0.07572388066724733,14339.547654263042,0.016314039758416093,2.455541170771871e-07,32562.00622802115,2.8345305219462534e-11,5.625005236749907e-07,14339.547654263042,0.07572388066724733,0.016314039758416093
5011200.0,0.05555416756337767,0.03189958280473541,0.7458,0.08444690450721053,19858.575506224468,0.017281833557089742,2.4146786609402526e-07,36245.79859718279,8.361677746333171e-09,6.322782644849137e-05,19858.575506224468,0.08444690450721053,0.017281833557089742
5097600.0,0.04683428262411194,0.02651098941683592,0.7672,0.0857278836546557,22884.42821214722,0.01810534726795161,1.309115723358357e-07,29315.30733002213,9.40169203235626e-09,7.052309347814434e-05,22884.42821214722,0.0857278836546557,0.01810534726795161
5184000.0,0.04424896370685689,0.02527038882033661,0.8174,0.09130979005090542,24738.185048860385,0.01666356838528105,2.0788350231439206e-07,33550.515254379985,1.529771039491448e-08,0.00011371765587751171,24738.185048860385,0.09130979005090542,0.01666356838528105
5270400.0,0.048827101744304824,0.027927985227327257,0.7856,0.08561334470448446,20924.78782117771,0.015887810724724238,1.7835426633156715e-07,29917.586582586064,6.801631579007041e-09,5.48482301793854e-05,20924.78782117771,0.08561334470448446,0.015887810724724238
5356800.0,0.04623639185019982,0.025980386411376354,0.7934,0.09466861090754511,26076.526058332856,0.017484447714348973,1.5974132350406193e-07,32863.79620124944,1.5273083455929242e-08,0.00010973723166805069,26076.526058332856,0.09466861090754511,0.017484447714348973
5443200.0,0.04851622018936838,0.027047533538934975,0.785,0.09048247484547728,23479.77511697084,0.017636158271667545,1.8198325482546242e-07,35808.3146741197,7.230708450047802e-09,4.782721942404488e-05,23479.77511697084,0.09048247484547728,0.017636158271667545
5529600.0,0.0504969431453361,0.027641941197448238,0.8274,0.07833428321202333,19364.663146029772,0.01617817703142056,2.274580685322485e-07,28503.20396046471,4.641039912303672e-09,4.270225865794374e-05,19364.663146029772,0.07833428321202333,0.01617817703142056
5616000.0,0.05354708241394343,0.026615906386380186,0.841,0.08388310852872512,16473.26840413228,0.013001645425025814,2.616997953229461e-07,49790.439832834694,2.9775444938262063e-11,1.2095630330039261e-07,16473.26840413228,0.08388310852872512,0.013001645425025814
5702400.0,0.049931554943736405,0.025041066111764074,0.818,0.061888762950551415,18713.415937938902,0.017594306167055263,1.9028089606563553e-07,33558.92980155493,1.724132850586744e-10,4.1332448306416095e-07,18713.415937938902,0.061888762950551415,0.017594306167055263
5788800.0,0.05449112662997537,0.027209874697689946,0.8116,0.0608898934241467,13835.96628945319,0.014011098120734077,1.5696746154934458e-07,31128.761769265988,3.4932863866208633e-09,2.9467990222005566e-05,13835.96628945319,0.0608898934241467,0.014011098120734077
5875200.0,0.06484652344968309,0.0340597994529954,0.7846,0.07028929557003413,11792.857098494918,0.01361347219572056,1.7657197522045908e-07,29703.036848609994,1.468549187937408e-10,8.574272754896699e-07,11792.857098494918,0.07028929557003413,0.01361347219572056
5961600.0,0.06872883356074191,0.03634131582877152,0.7804,0.09017561065285462,14080.472465938692,0.01464197952930113,1.8538515162908317e-07,36032.8999996652,1.1486519556218612e-10,6.919225157850868e-07,14080.472465938692,0.09017561065285462,0.01464197952930113
6048000.0,0.08067087809791046,0.04356685238192307,0.768,0.0933127541423275,11089.631489650921,0.011015912888284797,2.416878088257675e-07,34936.94875203881,3.143784915741443e-10,2.77948555893924e-06,11089.631489650921,0.0933127541423275,0.011015912888284797
6134400.0,0.07515431548344034,0.04321632385197542,0.7296,0.09094696858664628,12742.492037202384,0.011702899091325618,2.0439929108210518e-07,29563.678688616666,6.932856644911344e-11,2.168775613187452e-07,12742.492037202384,0.09094696858664628,0.011702899091325618
6220800.0,0.07082495483593655,0.03910427940617421,0.7656,0.09061966984084258,12616.717653894413,0.01109226757626918,2.017103738617104e-07,36910.85424828148,3.27160956642727e-10,2.137121921123581e-06,12616.717653894413,0.09061966984084258,0.01109226757626918
6307200.0,0.06920578004153577,0.03817393091611769,0.8006,0.09428253271044917,13746.108566185274,0.01063008415628566,2.4746374366499047e-07,31916.32409725644,9.619390748368745e-11,5.825965485354999e-07,13746.108566185274,0.09428253271044917,0.01063008415628566
6393600.0,0.0661856175872577,0.03669931814331727,0.7886,0.09441031558308845,14942.626854666081,0.011223147305433414,2.5177000317239433e-07,38078.173377901374,1.1034177875246539e-10,2.2325567774602294e-07,14942.626854666081,0.09441031558308845,0.011223147305433414
6480000.0,0.07326588798592107,0.03994011597518888,0.8078,0.092164902225434,13086.756628325682,0.010605321948452937,5.39395093717332e-07,52435.26003595681,2.6036389742990474e-11,1.7487183101347174e-07,13086.756628325682,0.092164902225434,0.010605321948452937
6566400.0,0.0715174990249086,0.039301505104685386,0.7732,0.08222186921695428,12301.213797449764,0.013459650633397427,3.033090774577863e-07,33447.7189871932,6.019633961135714e-11,3.040437919277913e-07,12301.213797449764,0.08222186921695428,0.013459650633397427
6652800.0,0.08581707839973556,0.04851645781463609,0.719,0.08935165946147133,10672.148794437484,0.009945222036819462,2.688520124587549e-07,35080.18775528814,6.000697438805451e-11,1.5191640620679763e-07,10672.148794437484,0.08935165946147133,0.009945222036819462
6739200.0,0.07814289734877566,0.04316969521040499,0.7662,0.0840481941873648,10554.752608821185,0.01126724083242751,4.090986782524214e-07,35489.237726589585,9.842953082310457e-11,3.1286017840906257e-07,10554.752608821185,0.0840481941873648,0.01126724083242751
6825600.0,0.07616488646879392,0.04182226058783016,0.7476,0.08514219604008182,9851.284138482937,0.009890550314621736,1.3458818574586296e-07,29939.32738934666,1.2922809926365958e-10,5.957111557779757e-07,9851.284138482937,0.08514219604008182,0.009890550314621736
6912000.0,0.07375026681915187,0.04161601768508255,0.6884,0.07421520236528004,10436.003858986438,0.010669718661588045,1.7341974290460135e-07,33368.93384261275,3.636582096756454e-11,2.6123482727798277e-07,10436.003858986438,0.07421520236528004,0.010669718661588045
6998400.0,0.06565068692569875,0.037128408536924506,0.7224,0.06586577667874742,10121.358428661955,0.010955811470033687,2.0010005472597887e-07,22483.544223288052,8.560318485609025e-12,1.0366296022017709e-07,10121.358428661955,0.06586577667874742,0.010955811470033687
7084800.0,0.06698834553939376,0.03742177889176278,0.7464,0.06664824958898338,8510.112702408696,0.010858052183720008,2.561890777871971e-07,27222.11340575468,4.026990230345769e-11,3.7543195106960467e-07,8510.112702408696,0.06664824958898338,0.010858052183720008
7171200.0,0.07340502143941215,0.04175083902652321,0.711,0.07094164320512786,9543.321268770724,0.010872393379399974,2.3972214099904875e-07,28960.756793975284,6.871028602144804e-11,4.0602859412478926e-07,9543.321268770724,0.07094164320512786,0.010872393379399974
7257600.0,0.08031124375980109,0.045334478085317084,0.7038,0.07580942509713699,9251.806178270348,0.011021590294996695,2.321280621691461e-07,23493.843770047428,8.183185641380079e-11,6.460990067381285e-07,9251.806178270348,0.07580942509713699,0.011021590294996695
7344000.0,0.07700069445013652,0.04297445655819652,0.7094,0.08264609900921427,11831.682931021023,0.01201337805721166,2.356429851668759e-07,32273.96776172638,7.208573119778317e-11,2.814706107063649e-07,11831.682931021023,0.08264609900921427,0.01201337805721166
7430400.0,0.08679496553562874,0.04873988632090593,0.6968,0.09353770829180853,12296.998384464647,0.01182277872091273,1.705279156863465e-07,18961.377432000227,2.1330051563705493e-10,6.281533727782643e-07,12296.998384464647,0.09353770829180853,0.01182277872091273
7516800.0,0.07455772576108968,0.042213207999075145,0.709,0.1035497103987219,18409.108627688933,0.01616266663705585,1.8260558243654064e-07,16336.85249095919,4.1423781881760437e-10,1.2821012339703193e-06,18409.108627688933,0.1035497103987219,0.01616266663705585
7603200.0,0.08990154602692776,0.0496842188368623,0.7488,0.11667731257151955,15119.095410196976,0.012019637030674416,2.1550753922461688e-07,16204.397453918515,2.142557910210132e-08,0.00017531272608930688,15119.095410196976,0.11667731257151955,0.012019637030674416
7689600.0,0.08469414171278943,0.047462870284506326,0.717,0.1078539692472882,15426.313512358218,0.012526095980286483,2.2594459297333925e-07,23159.96071424416,2.2527341473579542e-08,0.00020041243230658085,15426.313512358218,0.1078539692472882,0.012526095980286483
7776000.0,0.08276675950244654,0.04653232036849303,0.7448,0.10440062097794343,13279.925897386305,0.01186970577401998,2.2704410620553378e-07,19144.463314144847,1.182394787325215e-08,9.209202742874185e-05,13279.925897386305,0.10440062097794343,0.01186970577401998
7862400.0,0.08848480404941464,0.0492702743404603,0.729,0.10694604836642642,12949.450198215549,0.011509352034226242,2.3993305937114764e-07,21517.990247670463,6.589491038210351e-10,3.5029236028632653e-06,12949.450198215549,0.10694604836642642,0.011509352034226242
7948800.0,0.08324029823495778,0.047696325355389715,0.6988,0.09618449711446521,12925.74394349988,0.012814017700431293,2.3292907461972844e-07,22437.30610280579,1.0914940999174849e-08,8.359708613136652e-05,12925.74394349988,0.09618449711446521,0.012814017700431293
8035200.0,0.08260684845305648,0.046487178468078254,0.7116,0.09568378913574084,12304.256004099465,0.011726415800897434,1.815108285858414e-07,20076.85163902058,1.4335135359935645e-08,0.0001229085756347325,12304.256004099465,0.09568378913574084,0.011726415800897434
8121600.0,0.07090802478443611,0.040025283873567206,0.7106,0.0848743161461185,13885.015570398069,0.014262950544837127,1.7896017489729324e-07,22141.398166601382,1.2227830634856818e-08,9.988336835382833e-05,13885.015570398069,0.0848743161461185,0.014262950544837127
8208000.0,0.07310640317440498,0.040676139456110635,0.7382,0.08993602625288535,12296.723386522282,0.01110802323720483,1.8604897940781008e-07,19232.96634258399,4.0275330839906734e-10,2.022286058148307e-06,12296.723386522282,0.08993602625288535,0.01110802323720483
8294400.0,0.07434908431411479,0.04252253090520058,0.724,0.08600711609858437,12140.62073998172,0.011548612862368754,1.5977396893294562e-07,13014.09401265528,8.931872313058933e-09,9.150293139673649e-05,12140.62073998172,0.08600711609858437,0.011548612862368754
8380800.0,0.07666338403496765,0.04427544953507819,0.6798,0.07762459739375455,12761.198224528558,0.011632159770037192,2.2337255439398459e-07,19502.245404457775,1.3443993869301025e-08,0.00010867397347112246,12761.198224528558,0.07762459739375455,0.011632159770037192
8467200.0,0.07647214411941777,0.0434436313774107,0.7094,0.09401457398646161,13913.92780046464,0.012036944501891368,1.7852960074660915e-07,20910.68273757862,1.372352014530321e-08,0.00015133552275012606,13913.92780046464,0.09401457398646161,0.012036944501891368
8553600.0,0.06988709393670292,0.040652581625018766,0.6992,0.09866346803957624,18626.458211477646,0.0175139751572032,1.84736981304851e-07,22336.455674253575,1.648496063433584e-08,0.00014193338915865946,18626.458211477646,0.09866346803957624,0.0175139751572032
